{"mar_small": 0.12284404039382935, "map_medium": 0.20314422249794006, "train_loss": 6.148962226653099, "map_per_class": [0.24394460022449493, 0.15144546329975128, 0.5591310858726501, 0.4878614842891693, 0.10589461773633957, 0.056814178824424744, 0.0, 0.029706858098506927, 0.5242960453033447, 0.11648888885974884, 0.12615947425365448], "mar_1": 0.2548082768917084, "map_75": 0.23563280701637268, "map_large": 0.2819051444530487, "mar_medium": 0.3295930027961731, "_step": 12, "map_small": 0.08124149590730667, "mar_large": 0.3524453639984131, "mar_10": 0.32017427682876587, "mar_100": 0.3214075267314911, "_runtime": 56248.469468832016, "test_loss": 5.577124272346497, "map": 0.21834026277065277, "epoch": 6, "map_50": 0.3544342815876007, "_timestamp": 1701297246.7585168, "mar_100_per_class": [0.4035714566707611, 0.32549020648002625, 0.6432835459709167, 0.5701742172241211, 0.20000000298023224, 0.12212766706943512, 0.0, 0.12727272510528564, 0.62578946352005, 0.31481480598449707, 0.2029585838317871], "_wandb": {"runtime": 44962}}