{"epoch": 17, "train_loss": 5.277233624234795, "test_loss": 4.420620430111885, "map": 0.351996511220932, "map_50": 0.5492192506790161, "map_75": 0.39269739389419556, "map_small": 0.1814337819814682, "map_medium": 0.3513695299625397, "map_large": 0.506488561630249, "mar_1": 0.38535091280937195, "mar_10": 0.48118171095848083, "mar_100": 0.48240000009536743, "mar_small": 0.2619177997112274, "mar_medium": 0.5032506585121155, "mar_large": 0.6453816294670105, "map_per_class": [0.5417441725730896, 0.3136056065559387, 0.6560081839561462, 0.5616725087165833, 0.22833313047885895, 0.12545190751552582, 0.11102310568094254, 0.13183589279651642, 0.6145629286766052, 0.22166180610656738, 0.36606279015541077], "mar_100_per_class": [0.668749988079071, 0.45094338059425354, 0.7191489934921265, 0.6101046800613403, 0.5363636016845703, 0.30483871698379517, 0.14193548262119293, 0.26025640964508057, 0.6794642210006714, 0.41410255432128906, 0.5204918384552002], "_timestamp": 1701442945.6339982, "_runtime": 38684.62689805031, "_step": 17, "_wandb": {"runtime": 40000}}