{"epoch": 49, "train_loss": 3.225942193299532, "test_loss": 4.174606452395508, "map": 0.4408040940761566, "map_50": 0.6403992772102356, "map_75": 0.49370327591896057, "map_small": 0.1917179375886917, "map_medium": 0.43616002798080444, "map_large": 0.6352494955062866, "mar_1": 0.4396264851093292, "mar_10": 0.517702579498291, "mar_100": 0.5194703340530396, "mar_small": 0.28200533986091614, "mar_medium": 0.5160785913467407, "mar_large": 0.6969401836395264, "map_per_class": [0.5718042254447937, 0.3965663015842438, 0.775174617767334, 0.6119673252105713, 0.32858237624168396, 0.17151378095149994, 0.23420830070972443, 0.19680145382881165, 0.6342491507530212, 0.4438982307910919, 0.4840797185897827], "mar_100_per_class": [0.6488763093948364, 0.43409091234207153, 0.8262194395065308, 0.6747668385505676, 0.36451610922813416, 0.2870454490184784, 0.3777777850627899, 0.2781818211078644, 0.6940279006958008, 0.5258928537368774, 0.6027778387069702], "_timestamp": 1701638464.3484223, "_runtime": 13898.12502026558, "_step": 3, "_wandb": {"runtime": 13897}}