{"epoch": 5, "train_loss": 6.463164652824402, "test_loss": 5.7757824175357815, "map": 0.19277457892894745, "map_50": 0.3262431025505066, "map_75": 0.2127508819103241, "map_small": 0.07575993239879608, "map_medium": 0.18556681275367737, "map_large": 0.22257959842681885, "mar_1": 0.22607699036598206, "mar_10": 0.28811970353126526, "mar_100": 0.28925999999046326, "mar_small": 0.11053059250116348, "mar_medium": 0.2908792793750763, "mar_large": 0.3315853774547577, "map_per_class": [0.21237827837467194, 0.18754994869232178, 0.4377218186855316, 0.459646999835968, 0.08267326653003693, 0.07676548510789871, 0.023762376978993416, 0.048070404678583145, 0.4556790292263031, 0.04935862496495247, 0.08691404014825821], "mar_100_per_class": [0.375, 0.366666704416275, 0.5417910814285278, 0.5608595013618469, 0.1071428507566452, 0.17787232995033264, 0.022857142612338066, 0.11900825798511505, 0.534473717212677, 0.1537037044763565, 0.22248521447181702], "_timestamp": 1701013379.921163, "_runtime": 31098.279115200043, "_step": 5, "_wandb": {"runtime": 21928}}