{"epoch": 6, "train_loss": 6.123132288813591, "test_loss": 5.6502886967659, "map": 0.22359314560890198, "map_50": 0.36494675278663635, "map_75": 0.24129295349121094, "map_small": 0.08971836417913437, "map_medium": 0.2173338532447815, "map_large": 0.270325243473053, "mar_1": 0.2654728889465332, "mar_10": 0.33364659547805786, "mar_100": 0.33476999402046204, "mar_small": 0.13989229500293732, "mar_medium": 0.3470982313156128, "mar_large": 0.396330326795578, "map_per_class": [0.2704562246799469, 0.1847589910030365, 0.5001537799835205, 0.4764103591442108, 0.17688997089862823, 0.04996628686785698, 0.0, 0.061931464821100235, 0.5173121094703674, 0.0878971666097641, 0.1337483823299408], "mar_100_per_class": [0.46071428060531616, 0.30980393290519714, 0.5855721235275269, 0.5510801076889038, 0.34285712242126465, 0.11744681745767593, 0.0, 0.18016529083251953, 0.6268421411514282, 0.2499999701976776, 0.2579881548881531], "_timestamp": 1701377409.4796011, "_runtime": 23057.40159511566, "_step": 6, "_wandb": {"runtime": 23063}}