{"epoch": 49, "train_loss": 3.5291515757737217, "test_loss": 2.9293603789806366, "map": 0.6153995990753174, "map_50": 0.8525012135505676, "map_75": 0.6967841982841492, "map_small": 0.37533488869667053, "map_medium": 0.6396155953407288, "map_large": 0.7766087651252747, "mar_1": 0.55736243724823, "mar_10": 0.6732699871063232, "mar_100": 0.6749756336212158, "mar_small": 0.46938443183898926, "mar_medium": 0.7087125182151794, "mar_large": 0.816058874130249, "map_per_class": [0.7197825312614441, 0.5890704989433289, 0.7953951358795166, 0.685705840587616, 0.5758799314498901, 0.3339877724647522, 0.5996922850608826, 0.4051106572151184, 0.7680067420005798, 0.6098045110702515, 0.6869600415229797], "mar_100_per_class": [0.77734375, 0.6283019185066223, 0.8397162556648254, 0.7305299043655396, 0.6454545855522156, 0.4163978695869446, 0.6774193644523621, 0.4653846323490143, 0.8123214840888977, 0.6974359154701233, 0.7344262003898621], "_timestamp": 1701605091.9116073, "_runtime": 9055.039345264435, "_step": 3, "_wandb": {"runtime": 9054}}